Theme_Code,Theme_Name,Papers_Count,Supporting_Papers,Key_Pattern_Across_Papers,Maturity_of_Evidence,Research_Gaps,Implications
LCNC_DEF,Definitions and conceptual boundaries,1,P008,1 paper(s) were coded to LCNC_DEF. Representative papers: NoCode-bench: A Benchmark for Evaluating Natural Language-Driven Feature Addition,Emerging,"P008: . Considering the better performance of Agentless, we Table 5: Performance comparison across different LLMs on NoCode-bench Full with Agentless. Model Success% Applied% RT% FV-Micro FV-Macro File% #Token Qwen3-235B6.62% 99.37% 75.24% 10.78% 15.77% 39.46% 0.19M GPT-4o 9.31% 97.00% 71.14% 8.68% 17.81% 43.58% 0.11M DeepSeek-v311.83% 99.84% 77.44% 16.02% 24.09% 47.48%0.31M DeepSeek-R1 14.83%95.90% 79.34% 10.53% 25.78% 44.89% 0.57M Average 10.65% 98.03% 75.79% 11.50% 20.86% 43.85% 0.30M use it as the scaffold to evaluate the remaining four models on NoCode-bench Full, and report the results in Table 5. We find that all four models show decreased performance on NoCode-bench Full compared to NoCode-bench Verified. Specifically, the average success rate of the four used models drops from 18.20% to 10.65%, and the accuracy of modified files drops from 49.49% to 43.85%. We further investigate the causes of this phenomenon. Since NoCode-bench Full is a large-scale dataset involving more extens...",Not reported
CITIZEN_DEV,Citizen development,10,"P010, P012, P013, P024, P028, P033, P039, P041, P047, P049",10 paper(s) were coded to CITIZEN_DEV. Representative papers: Towards LLM-powered consistency in model-based low-code platforms; Navigating Flexibility and Standardisation in Low‐Code/No‐Code Development; Bridging Business and IT Through Low-Code/No-Code: Insights into Business-IT Collaboration in Enterprise Citizen Developer Programs Björn Binzer; Measuring End-user Developers’ Episodic Experience of a Low-code Development Platform; Algorithms in Low-Code-No-Code for Research Applications: A Practical Review,Moderate,"P010: . | P012: Finally, we outline the underlying causes and potential responses to the tensions and we highlight that further research is needed to un - derstand how firms navigate them effectively. | P013: . It encourages researchers to better comprehend the paradigm shift in business-IT governance , particularly within the context of a digitally adept workforce spread across all BUs. Moreover, as indicated, some BUs have actively led their own citizen development sub -strategies (F1, F6), suggesting a potential avenue for future research on business-led citizen development. This perspective offers a different view on authority and governance. However, due to its novelty, collaboration must be also investigated long-term. For example, citizen developers might stop collaborating or ignore any collaborative attempts by the IT unit. Thus, an ‘ exit strategy’ (additional mechanism) might be necessary. This study does not come without limitations. Despite adhering to qualitative research good practices (Saldaña, 2021) , our data relies on the subjective perceptions and statements of individual informants. Additionally, we did not include cases from smaller firms in our data collection. Con... | P024: In further research or validation, a comparison of more tasks of different difficulties together would be advisable.","P012: Gallen, St.Gallen, Switzerland | 5Vrije Universiteit Amsterdam, Amsterdam, the Netherlands Correspondence: Altus Viljoen (altus.viljoen@tum.de ) Received: 5 July 2024 | Revised: 17 May 2025 | Accepted: 2 June 2025 Keywords: citizen development | flexibility | IT governance | low- code development platform | no- code | paradoxical tension | ServiceNow | standardisation ABSTRACT Low- code/no- code (LCNC) platforms, such as ServiceNow and Microsoft Power Platform, enable employees without formal... | P013: Our contribution is two-fold: this study provides comprehensive insights into the operational dynamics of citizen development programs, which remain under -explored, and it offers practical guidance for fostering business-IT collaboration. | P024: We take some steps towards examining the construct validity of the questionnaire as well as its content validity for practical and conceptual purposes, while properties of statistical generalisability are of secondary importance."
PRODUCTIVITY_SPEED,Productivity and speed,3,"P025, P046, P048","3 paper(s) were coded to PRODUCTIVITY_SPEED. Representative papers: Using LowCode and NoCode Tools in DevOps: A Multivocal Literature Review; Requirements Engineering for No-Code Development (RE4NCD); Feasibility of Low-Code Development Platforms in Precision Agriculture: Opportunities, Challenges, and Future Directions",Moderate,"P025: are presented in Sect. 5. 2 Related Work As mentioned before, LC and NC tools are gaining significant attention in the DevOps market due to their ability to improve the software development process. This section summarizes some of the relevant studies that have advanced our knowledge of the LC and NC landscape with respect to DevOps. The growing body of literature on LC and NC has explored the various kinds of tools that are available and how they impact the software development process. One study conducted by Rafi et al. [ 14] suggests that combining DevOps with LC methodologies benefits software organizations by streamlining development and addressing talent shortages. The study highlights three advantages: accelerated application development, consistency maintenance, and bridging the skills gap. These authors highlighted that such an approach can lead to quality products being developed quickly and cost-effectively. Bock and Frank [ 21] analyzed the trend of LC platforms (LCPs) a... | P046: aimed at refining and validating the RE4NCD method, tracking the adoption and evolution of applications in diverse organizations, and applying the method to additional case studies for comprehensive evaluation and validation. Keywords: Requirements Engineering · No-Code Development · Rapid Development · War · Crisis 1 Introduction Research of requirements engineering (RE) in times of crisis, such as fire, flood, tsunami, or terrorist attack, is an emerging field that copes with the unique challenges of developing software systems that can deliver information for managing such events [ 13]. Rapid application development (RAD) and no-code development (NCD) platforms aim to provide drag-and-drop tools to enable users in a constrained domain to develop applications by assembling pre-coded components [ 5]. While this prototyping approach is very appealing for rapid development in a bottom-up manner by both expert and nonexpert developers, it requires applying the necessary rigorous techn... | P048: will focus on the selection of appropriate LCDPs and the development of applications specifically designed for PA. This will involve addressing identified challenges such as integration with IoT, improving scalability and adaptability, and refining the user experience. By advancing research in this area, LCDPs can play an important role in the digital transformation of precision agriculture, optimizing operations and contributing to the sustainability and technological advancement of the agricultural sector. Land 2024, 13, 1758 26 of 31 Author Contributions: Conceptualization, E.G., B.T., Ö.B. and Q.L.; Methodology, E.G., B.T., Ö.B. and Q.L.; Investigation, E.G., B.T., Ö.B. and Q.L.; Writing-original draft, E.G., B.T., Ö.B. and Q.L.; Writing-review & editing, E.G., B.T. and Q.L.; Supervision, B.T. and Ö.B. All authors have read and agreed to the published version of the manuscript. Funding: This research received no external funding. Data Availability Statement: The original contrib...","P025: DevOps transformation requires more than just cultural adjustment and tools, as new governance frameworks, resources, and processes are also necessary [ 2, 8]. | P046: Contribution: The paper highlights the theoretical and practical implications of RE4NCD, underscoring the potential transformative impact of NCD on the software development industry. | P048: This study contributes to the growing knowledge base in agricultural technology, offering valuable insights for researchers, practitioners, and policymakers looking to leverage LCDPs for sustainable and efficient farming practices."
COST_ROI,Cost and business value,3,"P015, P035, P038",3 paper(s) were coded to COST_ROI. Representative papers: Unclear: title not reliably parsed from PDF text; filename suggests 'Potentials and Risks of the Low-Code Development'; ChatIoT: Zero-code Generation of Trigger-action Based IoT Programs; Diagnosing and Resolving Cloud Platform Instability with Multi-modal RAG LLMs,Moderate,"P035: . 2 Related Work There are mainly three kinds of existing approaches which are closely related to ChatIoT, prompting schemes, TAP generating techniques and edge model deployment schemes. We will briefly describe these three kinds of related work and summarize their major differences from ChatIoT. 2.1 Prompting Schemes for LLMs Various studies demonstrate the powerful ability of LLM to assist users in their daily lives [36, 55, 64]. LLMs today, such as GPT-4 [7], Claude [5], and LLaMA [50], are tuned to follow instructions and are trained on large amounts of data. Therefore, they are capable of performing some tasks in a zero-shot manner. Within the instructions, a user can inform the LLMs of the input, the desired format of the output, and the method to generate TAPs. In practice, however, these methods still face significant performance degradation in more complex tasks within the zero-shot setting [14, 65]. Generating a chain of thought-a series of intermediate reasoning steps-sig... | P038: ARCA is a work in progress, but already confirms the promise of the multimodal RAG LLM approach to searching the complicated incident report databases that arise when troubleshooting cloud-hosted applications. In work still underway, we are investigating other possible ways to organize the ARCA knowledge base, including the option of using similarity search algorithms beyond the form of cosine similarity used in the ANN step. We expect that this will be needed as we expand the data modality coverage of the ARCA platform to include performance metrics and traces. Synthesis of generated answers that incorporate observations from multiple modalities raises especially interesting questions for study.","P015: This democratization of software development presents significant opportunities but also introduces risks, creating a trade-off for IT governance. | P035: Although in-situ programming is a promising technique for home automation, there are still practical challenges that may not be easily addressed in the near future, e.g., high user learning costs, privacy concerns, and high human sensing requirements."
ENTERPRISE_ADOPTION,Enterprise adoption,15,"P003, P004, P011, P012, P013, P014, P015, P016, P018, P023, P025, P028, P029, P040, P046",15 paper(s) were coded to ENTERPRISE_ADOPTION. Representative papers: Design Behaviour and Interface Consistency in Generative No-Code Tools: A Systematic Literature Review; LLM4FaaS: No-Code Application Development using LLMs and FaaS; Low-Code and No-Code Development in the Era of Artificial Intelligence: A Systematic Review; Navigating Flexibility and Standardisation in Low‐Code/No‐Code Development; Bridging Business and IT Through Low-Code/No-Code: Insights into Business-IT Collaboration in Enterprise Citizen Developer Programs Björn Binzer,Moderate,"P003: should investigate: • how users form mental models of generative behavior • how interfaces communicate degrees of confidence or stability • how users constrain exploration without over-specifying solutions • how iterative refinement affects trust and perceived control In this context, prompting functions as an ongoing negotiation process. Interfaces that expose alternatives, preserve state across iterations, and communicate change boundaries may improve user confidence and reduce corrective interaction cycles. 6.6. Implications for Software Engineering Research Generative interface development alters the nature of software artifacts from fixed implementations to variable outputs produced by a generation process. As a result, engineering practices must evaluate reliability of the process rather than correctness of a single instance. Quality assurance therefore shifts toward: https://doi.org/10.3390/computers15040238 Computers 2026, 15, 238 21 of 25 • managing prompt and model configu... | P004: on prompting strategies could help LLM4FaaS better handle complex, multi-intent tasks. 4.4.3 Model Selection.We choose GPT-4o as the primary LLM for LLM4FaaS due to its advanced capabilities and strong performance in non-English languages [ 13]. LLM4FaaS exhibits practical performance with GPT-4o, even when handling more complex tasks. Nevertheless, advances in LLMs will likely improve the performance of LLM4FaaS. In future work, we plan to further evaluate our approach with different LLMs, including models specifically trained for software development. 4.4.4 Size of the User Group.In this paper, our evaluation is based on answers from 26 non-technical users. While it would have been desirable to work with a larger user group for our experiments, this was not feasible due to the resulting effort in acquiring additional users and handling their answers which both required significant manual effort. Nevertheless, we believe that our experiments reliably demonstrate the effectiveness o... | P011: on theory, governance, and sector-specific best practices. Keywords: Low-Code; No-Code; Development; Innovation; Artificial Intelligence; Citizen Development. RESUMEN El desarrollo low-code y no-code ha transformado la creación de software al permitir que personas sin conocimientos avanzados de programación construyan aplicaciones mediante interfaces visuales. Con la creciente integración de la inteligencia artificial (IA), estas plataformas están evolucionando hacia entornos inteligentes que aceleran la innovación y reducen la escasez global de desarrolladores especializados. La importancia de esta investigación radica en que aclara cómo la IA potencia el desarrollo LCNC, un campo cada vez más central en la transformación digital y la automatización. Mediante el método de revisión sistemática de la literatura (SLR), el estudio recopiló 1 582 registros iniciales de Scopus, EBSCO y AISeL, aplicando criterios de inclusión y exclusión bajo el enfoque PRISMA hasta llegar a 60 artículos... | P012: Finally, we outline the underlying causes and potential responses to the tensions and we highlight that further research is needed to un - derstand how firms navigate them effectively.","P003: Rather than redefining their general characteristics, this section focuses on their role within contemporary software ecosystems and their implications for automated interface generation. | P004: Beyond academic prototypes, practical notebook-based systems, e.g., Google Colab, Replit, also demonstrate the feasibility of interactive code generation and execution. | P011: The study concluded that the convergence of LCNC and AI marks a shift toward intelligent, citizen-driven software development, underscoring the need for future research on theory, governance, and sector-specific best practices."
GOVERNANCE,Governance and control,7,"P006, P011, P012, P013, P014, P015, P035","7 paper(s) were coded to GOVERNANCE. Representative papers: DMN-Guided Prompting: A Framework for Controlling LLM Behavior; Low-Code and No-Code Development in the Era of Artificial Intelligence: A Systematic Review; Navigating Flexibility and Standardisation in Low‐Code/No‐Code Development; Bridging Business and IT Through Low-Code/No-Code: Insights into Business-IT Collaboration in Enterprise Citizen Developer Programs Björn Binzer; Democratizing Digital Transformation: A Multisector Study of Low-Code Adoption Patterns, Limitations, and Emerging Paradigms",Moderate,"P006: can expand in several directions. First, exploring how DMN-guided prompting can be adapted for other application domains, such as healthcare or compliance auditing, will help assess its generalizability. Second, combining DMN with retrieval-augmented generation (RAG) may further enhance reasoning grounded in external knowledge. Third, if customized message generation is desired, the LLM can post-process the output messages using a secondary prompt; otherwise, the framework returns only the predefined messages specified in the DMN logic. Fourth, this approach can be complemented by incorporating few-shot learning, where example inputs are used to improve LLM accuracy when interpreting or applying DMN rules. Fifth, other ways of defining DMN rules and alternative strategies for prompt construction can be explored to increase flexibility and expressiveness. Finally, investigating multi-turn interactions and conversational agents powered by DMN-guided LLMs could open new opportunities f... | P011: on theory, governance, and sector-specific best practices. Keywords: Low-Code; No-Code; Development; Innovation; Artificial Intelligence; Citizen Development. RESUMEN El desarrollo low-code y no-code ha transformado la creación de software al permitir que personas sin conocimientos avanzados de programación construyan aplicaciones mediante interfaces visuales. Con la creciente integración de la inteligencia artificial (IA), estas plataformas están evolucionando hacia entornos inteligentes que aceleran la innovación y reducen la escasez global de desarrolladores especializados. La importancia de esta investigación radica en que aclara cómo la IA potencia el desarrollo LCNC, un campo cada vez más central en la transformación digital y la automatización. Mediante el método de revisión sistemática de la literatura (SLR), el estudio recopiló 1 582 registros iniciales de Scopus, EBSCO y AISeL, aplicando criterios de inclusión y exclusión bajo el enfoque PRISMA hasta llegar a 60 artículos... | P012: Finally, we outline the underlying causes and potential responses to the tensions and we highlight that further research is needed to un - derstand how firms navigate them effectively. | P013: . It encourages researchers to better comprehend the paradigm shift in business-IT governance , particularly within the context of a digitally adept workforce spread across all BUs. Moreover, as indicated, some BUs have actively led their own citizen development sub -strategies (F1, F6), suggesting a potential avenue for future research on business-led citizen development. This perspective offers a different view on authority and governance. However, due to its novelty, collaboration must be also investigated long-term. For example, citizen developers might stop collaborating or ignore any collaborative attempts by the IT unit. Thus, an ‘ exit strategy’ (additional mechanism) might be necessary. This study does not come without limitations. Despite adhering to qualitative research good practices (Saldaña, 2021) , our data relies on the subjective perceptions and statements of individual informants. Additionally, we did not include cases from smaller firms in our data collection. Con...","P006: Hit policy:Loan Approval Rule Unique  > 50000 >= 700 approve > 50000 [650..700[ manual_review - - decline - - Annotations 1 2 3  Then Is Eligible for Loan? string  When salary string And creditScore string  Fig. | P011: The study concluded that the convergence of LCNC and AI marks a shift toward intelligent, citizen-driven software development, underscoring the need for future research on theory, governance, and sector-specific best practices. | P012: Gallen, St.Gallen, Switzerland | 5Vrije Universiteit Amsterdam, Amsterdam, the Netherlands Correspondence: Altus Viljoen (altus.viljoen@tum.de ) Received: 5 July 2024 | Revised: 17 May 2025 | Accepted: 2 June 2025 Keywords: citizen development | flexibility | IT governance | low- code development platform | no- code | paradoxical tension | ServiceNow | standardisation ABSTRACT Low- code/no- code (LCNC) platforms, such as ServiceNow and Microsoft Power Platform, enable employees without formal..."
SHADOW_IT,Shadow IT,0,Not reported,Not reported,Not reported,Not reported,Not reported
SECURITY_PRIVACY,Security and privacy,2,"P028, P030",2 paper(s) were coded to SECURITY_PRIVACY. Representative papers: Algorithms in Low-Code-No-Code for Research Applications: A Practical Review; Noname manuscript No. (will be inserted by the editor),Emerging,"P028: of using LCNC platforms in general?  RQ3: Which features of modern LCNC platforms were used in existing studies?  RQ4: Which LCNC platforms were mainly used in solving research problems?  RQ5: What research problems or which area of research adopted LCNC platforms?  RQ6: How can a researcher adopt modern LCNC platforms in solving critical research questions? This study provides a comprehensive literature review on LCNC platforms. Moreover, this study guides researchers and scientists in adopting modern LCNC platforms for solving various research problems. Section 2 (i.e., Research Methods) provides details on the systematic literature review, covering the exclusion and inclusion criteria. Sections 3 Figure 1. Evolution of algorithms from machine code to low-code-no-code. Modern LCNC platforms realize several benefits over previous generations of manually writing lengthy lines of codes with low-level or high-level languages. These benefits include faster development with cloud-based environments, where anyone without coding experience can develop complex technology solutions by integrating technology components from multiple sources. These LCNC platforms provide simple cloud-based interfaces where a non-programmer scientist or researcher can drag-and-drop required algorithms to develop complex scientific solutions. Hence, anyone without high-level coding knowledge can qui... | P030: and LCSD platform vendors should support emerging topics such as Library Dependency Management, External Web Request Processing, Platform Infrastructure API, and Data Migration. RQ3. What types of questions are asked across the observed topic categories? From RQ1, we find some of the unique challenges for LCSD practitioners regarding Customization, Data Storage on the completely managed cloud platforms. This motivates us to explore further to understand more of those challenges. For instance, we want to understand if practitioners mostly ask about diﬀerent solution approaches (i.e., How-type) or further explanation clarification type (Why/What-type). Following previous studies[1, 122], we manually annotated a statistically significant number of posts (e.g., 471 Questions) into four categories. We find that How-type (57%) is the most common form of inquiry across all five topic categories, followed by What-type (18%), Why-type (14%), and Other-type (12%) questions. Most of the How-ty...","P028: Algorithms in Low-Code-No-Code for Research Applications: A Practical Review. | P030: The findings of this study have implications for all three LCSD stakeholders: LCSD platform vendors, LCSD developers/practitioners, Researchers, and Educators."
SCALABILITY,Scalability,6,"P005, P006, P018, P026, P041, P045",6 paper(s) were coded to SCALABILITY. Representative papers: Exploring Influence Factors on LLM Suitability for No-Code Development of End User IoT Applications; DMN-Guided Prompting: A Framework for Controlling LLM Behavior; Adoption of low-code and no-code development: A systematic literature review and future research agenda; What&#x0027;s Wrong With Low-Code Development Platforms? An Empirical Study of Low-Code Development Platform Bugs; Memory Management and Contextual Consistency for Long-Running Low-Code Agents,Moderate,"P005: . 5.1 Model Selection Strategy With the release of a range of diverse LLMs in recent years, new opportunities for NCDP rose. However, it is challenging to maintain an overview over model performances and select the most suitable for the use case at hand. With a vast number of available LLMs, each exhibiting different strengths and weaknesses, choosing the right model requires careful consideration. In this case, we select five LLMs that differ in design intent, optimization strategy, scale, and open-source or proprietary to assess their suitability for NCDPs. According to the experiment results, the general-purpose LLMs with strong capability, such asOpenAImodels, i.e.,GPT-4o andGPT-4o-mini, consistently show strong performance among tasks in different levels of complexity and outperform the other models. This is true even for the LLM designed specific for software engineering tasks, e.g.,Copilot, open-source LLM optimized for efficiency and strong adaptability, e.g.,LLaMA, and LLM... | P006: can expand in several directions. First, exploring how DMN-guided prompting can be adapted for other application domains, such as healthcare or compliance auditing, will help assess its generalizability. Second, combining DMN with retrieval-augmented generation (RAG) may further enhance reasoning grounded in external knowledge. Third, if customized message generation is desired, the LLM can post-process the output messages using a secondary prompt; otherwise, the framework returns only the predefined messages specified in the DMN logic. Fourth, this approach can be complemented by incorporating few-shot learning, where example inputs are used to improve LLM accuracy when interpreting or applying DMN rules. Fifth, other ways of defining DMN rules and alternative strategies for prompt construction can be explored to increase flexibility and expressiveness. Finally, investigating multi-turn interactions and conversational agents powered by DMN-guided LLMs could open new opportunities f... | P018: agenda Matthew Oladeji Ajimati * , Noel Carroll , Mary Maher Business Information Systems, J.E. Cairnes School of Business & Economics, University of Galway, Ireland ARTICLE INFO Keywords: Citizen development Low-code No-code Digital transformation Systematic literature review ABSTRACT Context: Low-code/no-code (LCNC) is an emerging technology trend that extends software development beyond professionalsoftware engineers, making it accessible to individuals throughout organizations and society. Objective: We aim to provide a systematic review of the current research on the adoption of LCNC technologies within citizen development (CD) practices for digital transformation (DT), and to propose a research agenda for this field. Method: This review is primarily conducted using a multi-phase systematic literature review of publications from the past five years, i.e., between 2017 and 2023. Results: We identified 40 primary studies that describes the application of LCNC development and CD p... | P026: are desirable. D. Comparison of LCDPs In this study, we investigate four LCDPs. They are from communities with different backgrounds and developed based on different techniques and motivations. Nonetheless, they have basic architectures in common (see Section II) and the characteristics of the bugs of these LCDPs show similar features. Although some differences are presented, they are mainly caused by the scales and the preferences of the LCDPs. Specifically, the two commercial LCDPs, i.e., OutSystems and Mendix, implement more sophisticated functionalities than the two open-source ones, i.e., Appsmith and Budibase. Appsmith focuses more on the development of UIs meanwhile Budibase provides more supports to construct data sources. No essential differences in bug characteristics are derived among LCDPs. The results are likely to be generalized to other LCDPs. VI. T HREA TS TOVALIDITY A. Internal Threat The internal threats to validity reside in the trustworthiness of the collected da...","P005: Our findings offer practical insights into how LLMs can be effectively integrated into NCDPs, informing both platform design and the selection of suitable LLMs for end-user application development. | P006: Hit policy:Loan Approval Rule Unique  > 50000 >= 700 approve > 50000 [650..700[ manual_review - - decline - - Annotations 1 2 3  Then Is Eligible for Loan? string  When salary string And creditScore string  Fig. | P018: This question ex - plores the state of research on the theoretical, methodological, and practical contributions to studying the adoption of LCNC and CD adoption to drive DT initiatives within organizations. • RQ2 - How do organizations evaluate the methods they use in measuring the benefits of LCNC adoption and CD practices?"
MAINTAINABILITY,Maintainability,4,"P002, P014, P029, P030","4 paper(s) were coded to MAINTAINABILITY. Representative papers: Low-code and no-code with BESSER to create and deploy smart web applications; Democratizing Digital Transformation: A Multisector Study of Low-Code Adoption Patterns, Limitations, and Emerging Paradigms; Complex Systems Informatics and Modeling Quarterly (CSIMQ) eISSN: 2255-9922 Published online by RTU Press, https://csimq-journals.rtu.lv; Noname manuscript No. (will be inserted by the editor)",Moderate,"P014: and practical deployment of low-code systems in industrial digital transformation contexts. To provide a structured understanding of this work, the remainder of this article is organized as follows: Section 2 examines the sector-specific applications of low-code platforms across five major industries-automotive, equipment manufacturing, aerospace, electronics, and energy. Section 3 explores key technical and operational challenges that hinder broader adoption, including limitations in customization, interoperability, security, usability, and scalability. Section 4 outlines emerging trends and innovations that are shaping the future of low-code technologies, such as AI/ML integration, edge computing, open-source ecosystems, and sector-specific platform evolution. Section 5 offers a cross-sector discussion synthesizing strategic insights, and Section 6 concludes the paper by summarizing key findings and suggesting directions for future research. Appl. Sci. 2025, 15, 6481 3 of 17 Tradi... | P029: 2 Methodology A literature review serves as a valuable instrument for comprehending the existing knowledge within a particular domain, enabling the identification of gaps and direction s in which further research is needed and it has been selected as the method for answering the research questions of this article. [3]. | P030: and LCSD platform vendors should support emerging topics such as Library Dependency Management, External Web Request Processing, Platform Infrastructure API, and Data Migration. RQ3. What types of questions are asked across the observed topic categories? From RQ1, we find some of the unique challenges for LCSD practitioners regarding Customization, Data Storage on the completely managed cloud platforms. This motivates us to explore further to understand more of those challenges. For instance, we want to understand if practitioners mostly ask about diﬀerent solution approaches (i.e., How-type) or further explanation clarification type (Why/What-type). Following previous studies[1, 122], we manually annotated a statistically significant number of posts (e.g., 471 Questions) into four categories. We find that How-type (57%) is the most common form of inquiry across all five topic categories, followed by What-type (18%), Why-type (14%), and Other-type (12%) questions. Most of the How-ty...","P014: These issues underscore the need for governance frameworks, such as the Adaptive Integrated Digital Architecture Framework (AIDAF), which harmonize low-code initiatives with enterprise-wide IT strategies to mitigate risks and ensure long-term adaptability [22]. | P029: This approach reduces the risk of the rise of shadow IT (BE8), which is defined as unsanctioned IT solutions and systems that are used without the approval of the organization's IT department and therefore possess security, data governance, and other risks [6]. | P030: The findings of this study have implications for all three LCSD stakeholders: LCSD platform vendors, LCSD developers/practitioners, Researchers, and Educators."
VENDOR_LOCKIN,Vendor lock-in,3,"P009, P034, P049","3 paper(s) were coded to VENDOR_LOCKIN. Representative papers: Review of Tools for Zero-Code LLM Based Application Development; Towards the interoperability of low-code platforms Iván Alfonso1∗, Aaron Conrardy1,2∗, and Jordi Cabot1,2; Low‐Code and No‐Code Tools: A Valuable Aid or a Potential Threat to Professional Developers?",Moderate,"P009: . Trade-offs (customizability, scalability, vendor lock-in) are discussed in comparison with traditional and low-code development approaches. Finally, we outline future directions-including multimodal interfaces, on-device LLMs, and improved orchestration for democratizing app creation with AI. Our findings indicate that while zero-code LLM platforms greatly lower the barrier to creating AI-powered applications, they still face challenges in flexibility and reliability. Overall, the landscape is rapidly evolving, offering exciting opportunities to empower non-programmers to create sophisticated software. Keywords:Large Language Models, Citation Generation, Retrieval-Augmented Generation, AI Ethics, Multimodal LLMs, Evaluation Metrics. 1 Introduction The rise of no-code and low-code development platforms has significantly lowered the barrier for non-programmers to create software [1]. By providing visual interfaces, templates, and pre-built components, these platforms have democratized app development, enabling “citizen developers” to build and deploy applications arXiv:2510.19747v1 [cs.SE] 22 Oct 2025 2 Pattnayak et al. without traditional coding [2]. However, until recently, the complexity of custom logic still posed challenges-anything beyond simple workflows often required some coding or technical expertise. Large Language Models (LLMs) have emerged as a game-changer in t... | P034: . BESSER is an open-source low-code platform implemented in Python, featuring a modeling framework and a language called B-UML. This language supports the specification of several model types, including structural (or data), object, GUI, deployment, and state machines, adhering to recognized standards such as UML and IFML. In our implementation, models intended for migration are transformed into B-UML models that can still be edited to complete the imported model before regenerating it according to the target LCP. As an example, we show the transformation of a simple library data model (see the UML class diagram for this model in Figure 4). This model is originally defined in Mendix. Let’s assume we want to first export it from Mendix and import it into PowerApps. First, the Mendix data model is exported as a JSON file using the formal method provided by Mendix. Then, a T2M transformation for Mendix takes the Mendix model and transforms it into a B-UML compliant version. To be impor...","P009: For sensitive use cases, organizations may need enterprise-grade features like private deployments or strict data governance policies. | P049: To address this gap, we conducted a systematic mapping study to examine the broader implications of LC/NC tools from the developers’ perspective."
INTEGRATION,Integration,12,"P009, P017, P020, P021, P029, P030, P031, P032, P040, P043, P047, P048","12 paper(s) were coded to INTEGRATION. Representative papers: Review of Tools for Zero-Code LLM Based Application Development; Low-code to fight climate change: the Climaborough project; Building BESSER: an open-source low-code platform ⋆ Iv´ an Alfonso1, Aaron Conrardy1, Armen Sulejmani1, Atefeh Nirumand1, Fitash; An Empirical Study on Low-Code Programming using Traditional vs Large Language Model Support; Complex Systems Informatics and Modeling Quarterly (CSIMQ) eISSN: 2255-9922 Published online by RTU Press, https://csimq-journals.rtu.lv",Moderate,"P009: . Trade-offs (customizability, scalability, vendor lock-in) are discussed in comparison with traditional and low-code development approaches. Finally, we outline future directions-including multimodal interfaces, on-device LLMs, and improved orchestration for democratizing app creation with AI. Our findings indicate that while zero-code LLM platforms greatly lower the barrier to creating AI-powered applications, they still face challenges in flexibility and reliability. Overall, the landscape is rapidly evolving, offering exciting opportunities to empower non-programmers to create sophisticated software. Keywords:Large Language Models, Citation Generation, Retrieval-Augmented Generation, AI Ethics, Multimodal LLMs, Evaluation Metrics. 1 Introduction The rise of no-code and low-code development platforms has significantly lowered the barrier for non-programmers to create software [1]. By providing visual interfaces, templates, and pre-built components, these platforms have democratized app development, enabling “citizen developers” to build and deploy applications arXiv:2510.19747v1 [cs.SE] 22 Oct 2025 2 Pattnayak et al. without traditional coding [2]. However, until recently, the complexity of custom logic still posed challenges-anything beyond simple workflows often required some coding or technical expertise. Large Language Models (LLMs) have emerged as a game-changer in t... | P017: In an effort to support the performance tracking of the pilots deployed in the Climaborough project, we presented the concept of the Climaborough City Platform. Specifically, given the project’s goal of fast implementation of climate solutions, we focused on the low-code approach to quickly configure the backend and frontend environment of a no-code dashboard creator for non-technical users, enhanced by advanced interaction methods. Based on the feedback provided by cities, we will improve both aspects. We also plan to study in what other parts of the project architecture (potentially involving other WPs), a low-code strategy could also make sense. For instance, in the creation and execution of climate simulation scenarios. Finally, we plan to connect the Climaborough City Platform to other climate initiatives such as the NetZeroCities platform11 or the Climaborough twin project UP203012. This could include pushing or pulling data from the NetZeroCities knowledge repository or inclu... | P020: , we plan to add smart components to BESSER itself, facilitating the creation of B-UML models via low-modeling techniques [3] such as chatbots or automatic model inference from (semi)structured data. | P021: are articulated in Section 7. 2. Background 2.1. Low-Code Programming The term “low-code” first appeared in a report published by Forrester Research in 2014 [15]. The original meaning of the term was that applications could be developed quickly with minimal manual coding and minimal up-front investment in setup, training, and deployment. However, in subsequent reports and research on LCP, the definition of the term “low-code” remained in a constant state of flux and ambiguity [16, 17, 18]. To address this ambiguity, the definition proposed by Hirzel [2] is adopted in this paper, which emphasizes that LCP are technologies designed to minimize text-based programming, with the core aim of reducing reliance on manual coding, whether through VPLs, PBD, or PBNL. Whether for professional developers or amateur developers, the purpose of LCP is to save manual programming time and reduce the learning cost of manual programming as much as possible [19]. Traditional LCP tools, such as Power App...","P009: For sensitive use cases, organizations may need enterprise-grade features like private deployments or strict data governance policies. | P020: Section 3 showcases some practical applications of BESSER through case studies. | P021: Developers frequented the platform to delve into issues related to the practical aspects of coding, making the implementation phase the focal point of discussions."
USABILITY_UX,Usability and user experience,13,"P003, P010, P017, P018, P019, P022, P023, P024, P027, P031, P037, P043, P050",13 paper(s) were coded to USABILITY_UX. Representative papers: Design Behaviour and Interface Consistency in Generative No-Code Tools: A Systematic Literature Review; Towards LLM-powered consistency in model-based low-code platforms; Low-code to fight climate change: the Climaborough project; Adoption of low-code and no-code development: A systematic literature review and future research agenda; Democratizing Machine Learning: A Practical Comparison of Low-Code and No-Code Platforms,Moderate,"P003: should investigate: • how users form mental models of generative behavior • how interfaces communicate degrees of confidence or stability • how users constrain exploration without over-specifying solutions • how iterative refinement affects trust and perceived control In this context, prompting functions as an ongoing negotiation process. Interfaces that expose alternatives, preserve state across iterations, and communicate change boundaries may improve user confidence and reduce corrective interaction cycles. 6.6. Implications for Software Engineering Research Generative interface development alters the nature of software artifacts from fixed implementations to variable outputs produced by a generation process. As a result, engineering practices must evaluate reliability of the process rather than correctness of a single instance. Quality assurance therefore shifts toward: https://doi.org/10.3390/computers15040238 Computers 2026, 15, 238 21 of 25 • managing prompt and model configu... | P010: . | P017: In an effort to support the performance tracking of the pilots deployed in the Climaborough project, we presented the concept of the Climaborough City Platform. Specifically, given the project’s goal of fast implementation of climate solutions, we focused on the low-code approach to quickly configure the backend and frontend environment of a no-code dashboard creator for non-technical users, enhanced by advanced interaction methods. Based on the feedback provided by cities, we will improve both aspects. We also plan to study in what other parts of the project architecture (potentially involving other WPs), a low-code strategy could also make sense. For instance, in the creation and execution of climate simulation scenarios. Finally, we plan to connect the Climaborough City Platform to other climate initiatives such as the NetZeroCities platform11 or the Climaborough twin project UP203012. This could include pushing or pulling data from the NetZeroCities knowledge repository or inclu... | P018: agenda Matthew Oladeji Ajimati * , Noel Carroll , Mary Maher Business Information Systems, J.E. Cairnes School of Business & Economics, University of Galway, Ireland ARTICLE INFO Keywords: Citizen development Low-code No-code Digital transformation Systematic literature review ABSTRACT Context: Low-code/no-code (LCNC) is an emerging technology trend that extends software development beyond professionalsoftware engineers, making it accessible to individuals throughout organizations and society. Objective: We aim to provide a systematic review of the current research on the adoption of LCNC technologies within citizen development (CD) practices for digital transformation (DT), and to propose a research agenda for this field. Method: This review is primarily conducted using a multi-phase systematic literature review of publications from the past five years, i.e., between 2017 and 2023. Results: We identified 40 primary studies that describes the application of LCNC development and CD p...","P003: Rather than redefining their general characteristics, this section focuses on their role within contemporary software ecosystems and their implications for automated interface generation. | P018: This question ex - plores the state of research on the theoretical, methodological, and practical contributions to studying the adoption of LCNC and CD adoption to drive DT initiatives within organizations. • RQ2 - How do organizations evaluate the methods they use in measuring the benefits of LCNC adoption and CD practices? | P019: Democratizing Machine Learning: A Practical Comparison of Low-Code and No-Code Platforms."
PRO_DEV_ROLE,Professional developer role change,5,"P015, P016, P032, P046, P049","5 paper(s) were coded to PRO_DEV_ROLE. Representative papers: Unclear: title not reliably parsed from PDF text; filename suggests 'Potentials and Risks of the Low-Code Development'; Addressing Skills Shortages through Low-Code/No-Code: Skill Profiles and Implementation Challenges; System Demonstrations, pages 72-79 November 12-16, 2024 ©2024 Association for Computational Linguistics AUTO GEN STUDIO : A No-Code Developer Tool for Building and; Requirements Engineering for No-Code Development (RE4NCD); Low‐Code and No‐Code Tools: A Valuable Aid or a Potential Threat to Professional Developers?",Moderate,"P016: on the skills needed by citizen developers using LCNC tools in corporate and public-sector contexts. Our analysis of 58 articles identifies three key skill categories: hard skills, such as programming and working with APIs; soft skills, such as com - munication and collaboration; and domain-specific knowledge. However, challenges exist in the upskilling process. Addition - ally, generative AI (GenAI) shows potential to expand LCNC capabilities. Nevertheless, the intersection of LCNC and publicsector transformation remains underexplored, highlighting the need for deeper studies focused on sector-specific challenges, use cases, and long-term adoption. Index Terms -Low-Code, No-Code, Citizen Developer, Skills, Innovations, Digital Transformation. I. INTRODUCTION NFORMATION and communication technology (ICT) has undergone rapid changes over the decades-particu - larly in the last ten to fifteen years-and has had a far-reach - ing impact on almost every aspect of daily life. These change... | P032: directions. To the best of our knowledge, AUTO GEN STUDIO is the first open-source project to explore a no-code interface for autonomous MULTI -AGENT application development, providing a suitable platform for research and practice in MULTI -AGENT developer tooling. 2 Related Work 2.1 Agents ( LLMs + Tools) Generative AI models face limitations, including hallucination - generating content not grounded in fact - and limited performance on reasoning tasks or novel out-of-distribution problems. To address these issues, practice has shifted towards agentic implementations where models are given access to tools to act and augment their performance (Mialon et al., 2023). Agentic implementations, such as React (Yao et al., 2022), explore a Reason and Act paradigm that uses LLMs to generate both reasoning traces and task-specific actions in an interleaved manner. As part of this process, developers have explored frameworks that build prescriptive pipelines interleaving models and tools (e.g... | P046: aimed at refining and validating the RE4NCD method, tracking the adoption and evolution of applications in diverse organizations, and applying the method to additional case studies for comprehensive evaluation and validation. Keywords: Requirements Engineering · No-Code Development · Rapid Development · War · Crisis 1 Introduction Research of requirements engineering (RE) in times of crisis, such as fire, flood, tsunami, or terrorist attack, is an emerging field that copes with the unique challenges of developing software systems that can deliver information for managing such events [ 13]. Rapid application development (RAD) and no-code development (NCD) platforms aim to provide drag-and-drop tools to enable users in a constrained domain to develop applications by assembling pre-coded components [ 5]. While this prototyping approach is very appealing for rapid development in a bottom-up manner by both expert and nonexpert developers, it requires applying the necessary rigorous techn...","P015: This democratization of software development presents significant opportunities but also introduces risks, creating a trade-off for IT governance. | P016: In addition to the organizational perspective on the benefits of digitalization, there are also macroeconomic and labormarket implications. | P046: Contribution: The paper highlights the theoretical and practical implications of RE4NCD, underscoring the potential transformative impact of NCD on the software development industry."
EDUCATION,Education and training,18,"P001, P005, P006, P007, P016, P019, P023, P024, P026, P027, P035, P036, P037, P038, P044, P045, P047, P050",18 paper(s) were coded to EDUCATION. Representative papers: AI-for-Science Low-code Platform with Bayesian Adversarial Multi-Agent Framework; Exploring Influence Factors on LLM Suitability for No-Code Development of End User IoT Applications; DMN-Guided Prompting: A Framework for Controlling LLM Behavior; Fine-Tune an SLM or Prompt an LLM? The Case of Generating Low-Code Workflows; Addressing Skills Shortages through Low-Code/No-Code: Skill Profiles and Implementation Challenges,Moderate,"P001: will focus on extending the Bayesian updates to handle multi-modal inputs, such as equations and diagrams, and optimizing the iteration protocols for large-scale scientific simulations. | P005: . 5.1 Model Selection Strategy With the release of a range of diverse LLMs in recent years, new opportunities for NCDP rose. However, it is challenging to maintain an overview over model performances and select the most suitable for the use case at hand. With a vast number of available LLMs, each exhibiting different strengths and weaknesses, choosing the right model requires careful consideration. In this case, we select five LLMs that differ in design intent, optimization strategy, scale, and open-source or proprietary to assess their suitability for NCDPs. According to the experiment results, the general-purpose LLMs with strong capability, such asOpenAImodels, i.e.,GPT-4o andGPT-4o-mini, consistently show strong performance among tasks in different levels of complexity and outperform the other models. This is true even for the LLM designed specific for software engineering tasks, e.g.,Copilot, open-source LLM optimized for efficiency and strong adaptability, e.g.,LLaMA, and LLM... | P006: can expand in several directions. First, exploring how DMN-guided prompting can be adapted for other application domains, such as healthcare or compliance auditing, will help assess its generalizability. Second, combining DMN with retrieval-augmented generation (RAG) may further enhance reasoning grounded in external knowledge. Third, if customized message generation is desired, the LLM can post-process the output messages using a secondary prompt; otherwise, the framework returns only the predefined messages specified in the DMN logic. Fourth, this approach can be complemented by incorporating few-shot learning, where example inputs are used to improve LLM accuracy when interpreting or applying DMN rules. Fifth, other ways of defining DMN rules and alternative strategies for prompt construction can be explored to increase flexibility and expressiveness. Finally, investigating multi-turn interactions and conversational agents powered by DMN-guided LLMs could open new opportunities f... | P007: . We address the third drawback by computing the percentage of generated examples with at least one such structure error. While the most complete metric is FlowSim of outline and inputs , we also report FlowSim of outline, and the percentage of examples with structure errors. 5 Results Figure 4 shows the results for our fine-tuned SLM and all other LLMs on the small TEST and the larger OOD datasets. MistralNemo-12B-Instruct performs poorly across the board confirming that SLMs require workflow in-domain training data. LLMs of the ""mini"" sort, even o3-mini with medium reasoning, also do not perform well. When we prompt larger LLMs, we see competitive results, especially with Gemini-2.0-Flash and GPT-4o. As generating the outline is a simpler task, we see a larger gap between our fine-tuned SLM and these models when we generate the complete workflow (outline and inputs). This gap is 7.2% on TEST but 12.4% on OOD, around 10% if we average the two. All models perform worse when the requ...","P001: While this increased token budget can be a practical constraint for long pipelines, in reliability-critical scientific applications, we prioritize executable correctness and robustness over marginal token savings. | P005: Our findings offer practical insights into how LLMs can be effectively integrated into NCDPs, informing both platform design and the selection of suitable LLMs for end-user application development. | P006: Hit policy:Loan Approval Rule Unique  > 50000 >= 700 approve > 50000 [650..700[ manual_review - - decline - - Annotations 1 2 3  Then Is Eligible for Loan? string  When salary string And creditScore string  Fig."
AI_AUTOMATION,AI and automation,34,"P001, P002, P003, P004, P005, P006, P007, P008, P009, P010, P011, P016, P017, P019, P020, P021, P022, P025, P027, P031, P032, P033, P034, P035, P036, P037, P038, P039, P040, P041, P042, P044, P048, P050",34 paper(s) were coded to AI_AUTOMATION. Representative papers: AI-for-Science Low-code Platform with Bayesian Adversarial Multi-Agent Framework; Low-code and no-code with BESSER to create and deploy smart web applications; Design Behaviour and Interface Consistency in Generative No-Code Tools: A Systematic Literature Review; LLM4FaaS: No-Code Application Development using LLMs and FaaS; Exploring Influence Factors on LLM Suitability for No-Code Development of End User IoT Applications,Moderate,"P001: will focus on extending the Bayesian updates to handle multi-modal inputs, such as equations and diagrams, and optimizing the iteration protocols for large-scale scientific simulations. | P003: should investigate: • how users form mental models of generative behavior • how interfaces communicate degrees of confidence or stability • how users constrain exploration without over-specifying solutions • how iterative refinement affects trust and perceived control In this context, prompting functions as an ongoing negotiation process. Interfaces that expose alternatives, preserve state across iterations, and communicate change boundaries may improve user confidence and reduce corrective interaction cycles. 6.6. Implications for Software Engineering Research Generative interface development alters the nature of software artifacts from fixed implementations to variable outputs produced by a generation process. As a result, engineering practices must evaluate reliability of the process rather than correctness of a single instance. Quality assurance therefore shifts toward: https://doi.org/10.3390/computers15040238 Computers 2026, 15, 238 21 of 25 • managing prompt and model configu... | P004: on prompting strategies could help LLM4FaaS better handle complex, multi-intent tasks. 4.4.3 Model Selection.We choose GPT-4o as the primary LLM for LLM4FaaS due to its advanced capabilities and strong performance in non-English languages [ 13]. LLM4FaaS exhibits practical performance with GPT-4o, even when handling more complex tasks. Nevertheless, advances in LLMs will likely improve the performance of LLM4FaaS. In future work, we plan to further evaluate our approach with different LLMs, including models specifically trained for software development. 4.4.4 Size of the User Group.In this paper, our evaluation is based on answers from 26 non-technical users. While it would have been desirable to work with a larger user group for our experiments, this was not feasible due to the resulting effort in acquiring additional users and handling their answers which both required significant manual effort. Nevertheless, we believe that our experiments reliably demonstrate the effectiveness o... | P005: . 5.1 Model Selection Strategy With the release of a range of diverse LLMs in recent years, new opportunities for NCDP rose. However, it is challenging to maintain an overview over model performances and select the most suitable for the use case at hand. With a vast number of available LLMs, each exhibiting different strengths and weaknesses, choosing the right model requires careful consideration. In this case, we select five LLMs that differ in design intent, optimization strategy, scale, and open-source or proprietary to assess their suitability for NCDPs. According to the experiment results, the general-purpose LLMs with strong capability, such asOpenAImodels, i.e.,GPT-4o andGPT-4o-mini, consistently show strong performance among tasks in different levels of complexity and outperform the other models. This is true even for the LLM designed specific for software engineering tasks, e.g.,Copilot, open-source LLM optimized for efficiency and strong adaptability, e.g.,LLaMA, and LLM...","P001: While this increased token budget can be a practical constraint for long pipelines, in reliability-critical scientific applications, we prioritize executable correctness and robustness over marginal token savings. | P003: Rather than redefining their general characteristics, this section focuses on their role within contemporary software ecosystems and their implications for automated interface generation. | P004: Beyond academic prototypes, practical notebook-based systems, e.g., Google Colab, Replit, also demonstrate the feasibility of interactive code generation and execution."
QUALITY_TESTING,Quality assurance and testing,6,"P001, P004, P008, P021, P026, P042",6 paper(s) were coded to QUALITY_TESTING. Representative papers: AI-for-Science Low-code Platform with Bayesian Adversarial Multi-Agent Framework; LLM4FaaS: No-Code Application Development using LLMs and FaaS; NoCode-bench: A Benchmark for Evaluating Natural Language-Driven Feature Addition; An Empirical Study on Low-Code Programming using Traditional vs Large Language Model Support; What&#x0027;s Wrong With Low-Code Development Platforms? An Empirical Study of Low-Code Development Platform Bugs,Moderate,"P001: will focus on extending the Bayesian updates to handle multi-modal inputs, such as equations and diagrams, and optimizing the iteration protocols for large-scale scientific simulations. | P004: on prompting strategies could help LLM4FaaS better handle complex, multi-intent tasks. 4.4.3 Model Selection.We choose GPT-4o as the primary LLM for LLM4FaaS due to its advanced capabilities and strong performance in non-English languages [ 13]. LLM4FaaS exhibits practical performance with GPT-4o, even when handling more complex tasks. Nevertheless, advances in LLMs will likely improve the performance of LLM4FaaS. In future work, we plan to further evaluate our approach with different LLMs, including models specifically trained for software development. 4.4.4 Size of the User Group.In this paper, our evaluation is based on answers from 26 non-technical users. While it would have been desirable to work with a larger user group for our experiments, this was not feasible due to the resulting effort in acquiring additional users and handling their answers which both required significant manual effort. Nevertheless, we believe that our experiments reliably demonstrate the effectiveness o... | P008: . Considering the better performance of Agentless, we Table 5: Performance comparison across different LLMs on NoCode-bench Full with Agentless. Model Success% Applied% RT% FV-Micro FV-Macro File% #Token Qwen3-235B6.62% 99.37% 75.24% 10.78% 15.77% 39.46% 0.19M GPT-4o 9.31% 97.00% 71.14% 8.68% 17.81% 43.58% 0.11M DeepSeek-v311.83% 99.84% 77.44% 16.02% 24.09% 47.48%0.31M DeepSeek-R1 14.83%95.90% 79.34% 10.53% 25.78% 44.89% 0.57M Average 10.65% 98.03% 75.79% 11.50% 20.86% 43.85% 0.30M use it as the scaffold to evaluate the remaining four models on NoCode-bench Full, and report the results in Table 5. We find that all four models show decreased performance on NoCode-bench Full compared to NoCode-bench Verified. Specifically, the average success rate of the four used models drops from 18.20% to 10.65%, and the accuracy of modified files drops from 49.49% to 43.85%. We further investigate the causes of this phenomenon. Since NoCode-bench Full is a large-scale dataset involving more extens... | P021: are articulated in Section 7. 2. Background 2.1. Low-Code Programming The term “low-code” first appeared in a report published by Forrester Research in 2014 [15]. The original meaning of the term was that applications could be developed quickly with minimal manual coding and minimal up-front investment in setup, training, and deployment. However, in subsequent reports and research on LCP, the definition of the term “low-code” remained in a constant state of flux and ambiguity [16, 17, 18]. To address this ambiguity, the definition proposed by Hirzel [2] is adopted in this paper, which emphasizes that LCP are technologies designed to minimize text-based programming, with the core aim of reducing reliance on manual coding, whether through VPLs, PBD, or PBNL. Whether for professional developers or amateur developers, the purpose of LCP is to save manual programming time and reduce the learning cost of manual programming as much as possible [19]. Traditional LCP tools, such as Power App...","P001: While this increased token budget can be a practical constraint for long pipelines, in reliability-critical scientific applications, we prioritize executable correctness and robustness over marginal token savings. | P004: Beyond academic prototypes, practical notebook-based systems, e.g., Google Colab, Replit, also demonstrate the feasibility of interactive code generation and execution. | P021: Developers frequented the platform to delve into issues related to the practical aspects of coding, making the implementation phase the focal point of discussions."
ETHICS_ACCESSIBILITY,Ethics and accessibility,1,P042,"1 paper(s) were coded to ETHICS_ACCESSIBILITY. Representative papers: Agentic Metacognition: Designing a ""Self-Aware"" Low-Code Agent for Failure Prediction and Human Handoff",Emerging,"P042: should focus on several key areas: • Expanding the experimental design to include a more diverse range of agent failure modes, such as hallucinations, incorrect tool use, and data quality issues [9, 10]. • Conducting user studies to quantitatively measure the impact of the reasoning trace on human trust, user confidence, and long-term skill acquisition. • Developing and testing optimization techniques, such as adaptive methods for model training and inference [20, 23], to reduce the computational and latency overhead of the metacognitive layer without compromising its effectiveness.",P042: The report discusses the practical and ethical implications of this approach and identifies key directions for future research.
DOMAIN_SPECIFIC,Domain-specific use,4,"P011, P017, P045, P048","4 paper(s) were coded to DOMAIN_SPECIFIC. Representative papers: Low-Code and No-Code Development in the Era of Artificial Intelligence: A Systematic Review; Low-code to fight climate change: the Climaborough project; A Configuration-First Framework for Reproducible, Low-Code Localization; Feasibility of Low-Code Development Platforms in Precision Agriculture: Opportunities, Challenges, and Future Directions",Moderate,"P011: on theory, governance, and sector-specific best practices. Keywords: Low-Code; No-Code; Development; Innovation; Artificial Intelligence; Citizen Development. RESUMEN El desarrollo low-code y no-code ha transformado la creación de software al permitir que personas sin conocimientos avanzados de programación construyan aplicaciones mediante interfaces visuales. Con la creciente integración de la inteligencia artificial (IA), estas plataformas están evolucionando hacia entornos inteligentes que aceleran la innovación y reducen la escasez global de desarrolladores especializados. La importancia de esta investigación radica en que aclara cómo la IA potencia el desarrollo LCNC, un campo cada vez más central en la transformación digital y la automatización. Mediante el método de revisión sistemática de la literatura (SLR), el estudio recopiló 1 582 registros iniciales de Scopus, EBSCO y AISeL, aplicando criterios de inclusión y exclusión bajo el enfoque PRISMA hasta llegar a 60 artículos... | P017: In an effort to support the performance tracking of the pilots deployed in the Climaborough project, we presented the concept of the Climaborough City Platform. Specifically, given the project’s goal of fast implementation of climate solutions, we focused on the low-code approach to quickly configure the backend and frontend environment of a no-code dashboard creator for non-technical users, enhanced by advanced interaction methods. Based on the feedback provided by cities, we will improve both aspects. We also plan to study in what other parts of the project architecture (potentially involving other WPs), a low-code strategy could also make sense. For instance, in the creation and execution of climate simulation scenarios. Finally, we plan to connect the Climaborough City Platform to other climate initiatives such as the NetZeroCities platform11 or the Climaborough twin project UP203012. This could include pushing or pulling data from the NetZeroCities knowledge repository or inclu... | P045: of the orchestration logic, confirming the framework’s robust scalability. VIII. THREATS TOVALIDITY We discuss threats to validity following established empirical software engineering guidelines, reflecting limitations identified during the design and evaluation of the LOCALIZE framework. Internal validityconcerns whether observed effects are attributable to the framework rather than confounding factors. The quantitative comparison against a Jupyter notebook baseline relies on functionally equivalent pipelines implemented by the authors. Although both implementations used identical algorithms, datasets, hyperparameters, and evaluation procedures, some implementation bias may remain. To mitigate this risk, both pipelines were validated to produce identical outputs under identical configurations, and execution isolation was enforced in the notebook baseline by running each experiment in a fresh process. Runtime and memory measurements were conducted in a controlled environment with consistent hardware and software configurations, and results were averaged across repeated runs. Nevertheless, transient system effects and library-level nondeterminism may still introduce minor variability, which is inherent to ML experimentation and was minimized but not entirely eliminated. Construct validityaddresses whether the selected metrics capture the intended constructs. Developer effort... | P048: will focus on the selection of appropriate LCDPs and the development of applications specifically designed for PA. This will involve addressing identified challenges such as integration with IoT, improving scalability and adaptability, and refining the user experience. By advancing research in this area, LCDPs can play an important role in the digital transformation of precision agriculture, optimizing operations and contributing to the sustainability and technological advancement of the agricultural sector. Land 2024, 13, 1758 26 of 31 Author Contributions: Conceptualization, E.G., B.T., Ö.B. and Q.L.; Methodology, E.G., B.T., Ö.B. and Q.L.; Investigation, E.G., B.T., Ö.B. and Q.L.; Writing-original draft, E.G., B.T., Ö.B. and Q.L.; Writing-review & editing, E.G., B.T. and Q.L.; Supervision, B.T. and Ö.B. All authors have read and agreed to the published version of the manuscript. Funding: This research received no external funding. Data Availability Statement: The original contrib...","P011: The study concluded that the convergence of LCNC and AI marks a shift toward intelligent, citizen-driven software development, underscoring the need for future research on theory, governance, and sector-specific best practices. | P045: Overall, the framework, validated for a localization use case, makes reproducible machine-learning-based model development practical, accessible, and extensible. | P048: This study contributes to the growing knowledge base in agricultural technology, offering valuable insights for researchers, practitioners, and policymakers looking to leverage LCDPs for sustainable and efficient farming practices."
PLATFORM_COMPARISON,Platform comparison,40,"P001, P002, P003, P004, P005, P007, P008, P009, P012, P013, P014, P018, P019, P020, P021, P022, P023, P024, P025, P026, P027, P028, P029, P030, P032, P033, P034, P037, P038, P039, P040, P041, P042, P043, P044, P045, P046, P047, P049, P050",40 paper(s) were coded to PLATFORM_COMPARISON. Representative papers: AI-for-Science Low-code Platform with Bayesian Adversarial Multi-Agent Framework; Low-code and no-code with BESSER to create and deploy smart web applications; Design Behaviour and Interface Consistency in Generative No-Code Tools: A Systematic Literature Review; LLM4FaaS: No-Code Application Development using LLMs and FaaS; Exploring Influence Factors on LLM Suitability for No-Code Development of End User IoT Applications,Moderate,"P001: will focus on extending the Bayesian updates to handle multi-modal inputs, such as equations and diagrams, and optimizing the iteration protocols for large-scale scientific simulations. | P003: should investigate: • how users form mental models of generative behavior • how interfaces communicate degrees of confidence or stability • how users constrain exploration without over-specifying solutions • how iterative refinement affects trust and perceived control In this context, prompting functions as an ongoing negotiation process. Interfaces that expose alternatives, preserve state across iterations, and communicate change boundaries may improve user confidence and reduce corrective interaction cycles. 6.6. Implications for Software Engineering Research Generative interface development alters the nature of software artifacts from fixed implementations to variable outputs produced by a generation process. As a result, engineering practices must evaluate reliability of the process rather than correctness of a single instance. Quality assurance therefore shifts toward: https://doi.org/10.3390/computers15040238 Computers 2026, 15, 238 21 of 25 • managing prompt and model configu... | P004: on prompting strategies could help LLM4FaaS better handle complex, multi-intent tasks. 4.4.3 Model Selection.We choose GPT-4o as the primary LLM for LLM4FaaS due to its advanced capabilities and strong performance in non-English languages [ 13]. LLM4FaaS exhibits practical performance with GPT-4o, even when handling more complex tasks. Nevertheless, advances in LLMs will likely improve the performance of LLM4FaaS. In future work, we plan to further evaluate our approach with different LLMs, including models specifically trained for software development. 4.4.4 Size of the User Group.In this paper, our evaluation is based on answers from 26 non-technical users. While it would have been desirable to work with a larger user group for our experiments, this was not feasible due to the resulting effort in acquiring additional users and handling their answers which both required significant manual effort. Nevertheless, we believe that our experiments reliably demonstrate the effectiveness o... | P005: . 5.1 Model Selection Strategy With the release of a range of diverse LLMs in recent years, new opportunities for NCDP rose. However, it is challenging to maintain an overview over model performances and select the most suitable for the use case at hand. With a vast number of available LLMs, each exhibiting different strengths and weaknesses, choosing the right model requires careful consideration. In this case, we select five LLMs that differ in design intent, optimization strategy, scale, and open-source or proprietary to assess their suitability for NCDPs. According to the experiment results, the general-purpose LLMs with strong capability, such asOpenAImodels, i.e.,GPT-4o andGPT-4o-mini, consistently show strong performance among tasks in different levels of complexity and outperform the other models. This is true even for the LLM designed specific for software engineering tasks, e.g.,Copilot, open-source LLM optimized for efficiency and strong adaptability, e.g.,LLaMA, and LLM...","P001: While this increased token budget can be a practical constraint for long pipelines, in reliability-critical scientific applications, we prioritize executable correctness and robustness over marginal token savings. | P003: Rather than redefining their general characteristics, this section focuses on their role within contemporary software ecosystems and their implications for automated interface generation. | P004: Beyond academic prototypes, practical notebook-based systems, e.g., Google Colab, Replit, also demonstrate the feasibility of interactive code generation and execution."
MDE_VISUAL_PROGRAMMING,Model-driven / visual programming roots,11,"P002, P010, P020, P022, P031, P033, P034, P036, P039, P043, P044","11 paper(s) were coded to MDE_VISUAL_PROGRAMMING. Representative papers: Low-code and no-code with BESSER to create and deploy smart web applications; Towards LLM-powered consistency in model-based low-code platforms; Building BESSER: an open-source low-code platform ⋆ Iv´ an Alfonso1, Aaron Conrardy1, Armen Sulejmani1, Atefeh Nirumand1, Fitash; Turning Low-Code Development Platforms into True No-Code with LLMs; AIAP: A No-Code Workflow Builder for Non-Experts with Natural Language and Multi-Agent Collaboration",Moderate,"P010: . | P020: , we plan to add smart components to BESSER itself, facilitating the creation of B-UML models via low-modeling techniques [3] such as chatbots or automatic model inference from (semi)structured data. | P022: ; Section 7 presents related work; Section 8 concludes. 2 Foundations This section gives an overview of the relevant foundations and background required for the present work. 2.1 Low-/No-Code Development LCDPs allow citizen developers (developers with little or no software engineering background [22]) to rapidly deliver, set up, and deploy applications, reducing the amount of hand-written code to a minimum [29]. Therefore they are appealing to a larger group of stakeholders, as less or no software engineering knowledge is required to develop applications that meet the stakeholders specific needs. One relevant aspect of LCDP is the rapid creation, deployment, and release of new versions of the created application. As webbased systems are often easier and cheaper to deploy than desktop ones [31], they are more aligned with low-code development [28]. LCDPs facilitate development through, e.g., drag’n’drop-oriented interactions or the composition of pre-built components or widgets. Idea... | P031: may address. 7.1 Harmonizing User Intent and System Understanding One of the most persistent challenges non-experts face when interacting with AI systems is articulating their intent clearly while grasping the system’s true capabilities [39]. Users often default to intuition, heuristics, or trial-and-error strategies [51], rather than employing systematic planning. This results in what Subramonyam et al. [39] term the “intentionality gap, ” where users struggle to align their high-level goals with system behaviors and outputs. AIAP addresses this gap through a combination of visual programming and multi-agent collaboration. In particular, the AIGenerated Suggestion mechanism functions not only as an autocomplete tool, but also as a cognitive mediator-it reinterprets loosely structured prompts and transforms them into clear, sequenced operations. This interaction style builds on and extends the concept of “co-envisioning” [39], in which systems actively participate in goal clarificat...","P020: Section 3 showcases some practical applications of BESSER through case studies. | P022: But, over the past years, the context size of mainstream LLMs such as ChatGPT exponentially grew, making the context size no longer a practical limit. | P031: These patterns can be interpreted as practical manifestations of the design gaps identified by Subramonyam et al.[39]."
LIMITATIONS_GAPS,Limitations and research gaps,2,"P007, P036",2 paper(s) were coded to LIMITATIONS_GAPS. Representative papers: Fine-Tune an SLM or Prompt an LLM? The Case of Generating Low-Code Workflows; Towards No-Code Programming of Cobots: Experiments with Code Synthesis by Large Code Models for Conversational Programming,Emerging,"P007: . We address the third drawback by computing the percentage of generated examples with at least one such structure error. While the most complete metric is FlowSim of outline and inputs , we also report FlowSim of outline, and the percentage of examples with structure errors. 5 Results Figure 4 shows the results for our fine-tuned SLM and all other LLMs on the small TEST and the larger OOD datasets. MistralNemo-12B-Instruct performs poorly across the board confirming that SLMs require workflow in-domain training data. LLMs of the ""mini"" sort, even o3-mini with medium reasoning, also do not perform well. When we prompt larger LLMs, we see competitive results, especially with Gemini-2.0-Flash and GPT-4o. As generating the outline is a simpler task, we see a larger gap between our fine-tuned SLM and these models when we generate the complete workflow (outline and inputs). This gap is 7.2% on TEST but 12.4% on OOD, around 10% if we average the two. All models perform worse when the requ... | P036: , we plan to expand the setup to handle more complex sequence arrangements added with dialogue management. Additionally, we will explore fine-tuning the code generation LLMs to see if it improves their overall performance. Though LLMs have shown promising performance for the 2.5D building task, there are limitations. The seeds for target board generation focus only on simple objects; we plan to include complex objects to better assess capabilities. The template-based instructions were designed to be clear and unambiguous, establishing a performance baseline. Future work will include environmental variability, collaborative scenarios, and dialogue management to enhance real-world simulation. Despite careful prompt curation, models sometimes produce hallucinations. Refining prompts based on feedback from execution errors can help. Instruction-tuned LLMs for code generation may struggle with multi-turn conversations, and applying this work to real-world assembly tasks will require adhe...",Not reported
